USE SuiteForGame

INSERT INTO Game  
VALUES ('Grand Theft Auto 5', 'Rockstar', 'PC,PS4,Switch','2015-05-14');  
INSERT INTO Game  
VALUES ('AIM', 'SkyRiver', 'PC','2004-08-03');  
INSERT INTO Game  
VALUES ('Kenshi', 'Lo-Fi Games', 'PC','2018-03-06');  
INSERT INTO Game  
VALUES ('The Elder Scrolls:Skyrim', 'Bethesda', 'PC,PS4,Switch','2011-09-10');  
INSERT INTO Game  
VALUES ('Fallout 4', 'Bethesda', 'PC,PS4','2015-01-24');  


INSERT INTO Users  
VALUES ('Nagibator666', 'Толя', 'Смурфик');  
INSERT INTO Users  
VALUES ('АнигиляторнаяПушка', 'Ваня', 'Иванов');  
INSERT INTO Users  
VALUES ('MothetDrocher', 'Кристина', 'Херд');  

INSERT INTO Estimation  
VALUES ('Grand Theft Auto 5', 'Nagibator666', 10);
INSERT INTO Estimation  
VALUES ('Grand Theft Auto 5', 'АнигиляторнаяПушка',9);
INSERT INTO Estimation  
VALUES ('Grand Theft Auto 5', 'MothetDrocher',8);
INSERT INTO Estimation  
VALUES ('AIM', 'Nagibator666', 5);  
INSERT INTO Estimation  
VALUES ('AIM', 'АнигиляторнаяПушка',4); 
INSERT INTO Estimation 
VALUES ('AIM', 'MothetDrocher',7); 
INSERT INTO Estimation  
VALUES ('Kenshi', 'Nagibator666', 1);
INSERT INTO Estimation  
VALUES ('Kenshi', 'АнигиляторнаяПушка',10);
INSERT INTO Estimation  
VALUES ('Kenshi', 'MothetDrocher',4);
INSERT INTO Estimation   
VALUES ('The Elder Scrolls:Skyrim', 'Nagibator666', 10);
INSERT INTO Estimation  
VALUES ('The Elder Scrolls:Skyrim', 'АнигиляторнаяПушка',10); 
INSERT INTO Estimation  
VALUES ('The Elder Scrolls:Skyrim', 'MothetDrocher',10);
INSERT INTO  Estimation 
VALUES ('Fallout 4', 'Nagibator666', 10);
INSERT INTO  Estimation  
VALUES ('Fallout 4', 'АнигиляторнаяПушка',10); 
INSERT INTO Estimation 
VALUES ('Fallout 4', 'MothetDrocher',8);